[
  {
    "line": 1,
    "elements": [
      {
        "line": 2,
        "name": "calculate the borrow with given inputs",
        "description": "",
        "id": "find-how-much-could-i-borrow-from-anz-test-site;calculate-the-borrow-with-given-inputs",
        "type": "scenario",
        "keyword": "Scenario",
        "steps": [
          {
            "result": {
              "duration": 12698433100,
              "status": "passed"
            },
            "line": 3,
            "name": "user should be navigated to ANZ test site",
            "match": {
              "location": "StepDef.user_should_be_navigated_to_ANZ_test_site()"
            },
            "keyword": "Given "
          },
          {
            "result": {
              "duration": 767554000,
              "status": "passed"
            },
            "line": 4,
            "name": "user should select application type dependents property type under your details",
            "match": {
              "location": "StepDef.user_should_select_application_type_dependents_property_type_under_your_details()"
            },
            "keyword": "When "
          },
          {
            "result": {
              "duration": 568910699,
              "status": "passed"
            },
            "line": 5,
            "name": "user should select your income and other other income under your earnings",
            "match": {
              "location": "StepDef.user_should_select_your_income_and_other_other_income_under_your_earnings()"
            },
            "keyword": "And "
          },
          {
            "result": {
              "duration": 1511533800,
              "status": "passed"
            },
            "line": 6,
            "name": "user should select living expense home loan repayment other loan repayment commitments credit limit under your expenses and click borrow button",
            "match": {
              "location": "StepDef.user_should_select_living_expense_home_loan_repayment_other_loan_repayment_commitments_credit_limit_under_your_expenses_and_click_borrow_button()"
            },
            "keyword": "And "
          },
          {
            "result": {
              "error_message": "junit.framework.ComparisonFailure: expected:\u003c$4[79],000\u003e but was:\u003c$4[40],000\u003e\r\n\tat junit.framework.Assert.assertEquals(Assert.java:100)\r\n\tat junit.framework.Assert.assertEquals(Assert.java:107)\r\n\tat org.stepdef.StepDef.user_checks_the_borrowing_estimate_as_$(StepDef.java:94)\r\n\tat ✽.user checks the borrowing estimate as $479,000(src/test/resources/borrow.feature:7)\r\n",
              "duration": 2083685800,
              "status": "failed"
            },
            "line": 7,
            "name": "user checks the borrowing estimate as $479,000",
            "match": {
              "arguments": [
                {
                  "val": "479,000",
                  "offset": 39
                }
              ],
              "location": "StepDef.user_checks_the_borrowing_estimate_as_$(Double)"
            },
            "keyword": "Then "
          }
        ]
      },
      {
        "line": 9,
        "name": "clear the form using start over button",
        "description": "",
        "id": "find-how-much-could-i-borrow-from-anz-test-site;clear-the-form-using-start-over-button",
        "type": "scenario",
        "keyword": "Scenario",
        "steps": [
          {
            "result": {
              "duration": 26407600,
              "status": "passed"
            },
            "line": 10,
            "name": "user should have already estimated the borrowing",
            "match": {
              "location": "StepDef.user_should_have_already_estimated_the_borrowing()"
            },
            "keyword": "Given "
          },
          {
            "result": {
              "duration": 224319800,
              "status": "passed"
            },
            "line": 11,
            "name": "user should use the start over button to clear the form",
            "match": {
              "location": "StepDef.user_should_use_the_start_over_button_to_clear_the_form()"
            },
            "keyword": "When "
          },
          {
            "result": {
              "duration": 51003301,
              "status": "passed"
            },
            "line": 12,
            "name": "validate whether form is cleared",
            "match": {
              "location": "StepDef.validate_whether_form_is_cleared()"
            },
            "keyword": "Then "
          }
        ]
      },
      {
        "line": 14,
        "name": "Entering only $1 for Living expenses, and leaving all other fields as zero.",
        "description": "",
        "id": "find-how-much-could-i-borrow-from-anz-test-site;entering-only-$1-for-living-expenses--and-leaving-all-other-fields-as-zero.",
        "type": "scenario",
        "keyword": "Scenario",
        "steps": [
          {
            "result": {
              "duration": 35038900,
              "status": "passed"
            },
            "line": 15,
            "name": "borrowing estimate form should be empty",
            "match": {
              "location": "StepDef.borrowing_estimate_form_should_be_empty()"
            },
            "keyword": "Given "
          },
          {
            "result": {
              "duration": 3759392999,
              "status": "passed"
            },
            "line": 16,
            "name": "User enters $1 for living expense and clicks the work out how much I could borrow",
            "match": {
              "arguments": [
                {
                  "val": "1",
                  "offset": 13
                }
              ],
              "location": "StepDef.user_enters_$_for_living_expense_and_clicks_the_work_out_how_much_I_could_borrow(Integer)"
            },
            "keyword": "When "
          },
          {
            "result": {
              "error_message": "junit.framework.ComparisonFailure: expected:\u003c...d on the details you[’ve entered, were unable to give you an estimate of your borrowing power with this calculator. For questions, call us on 1800 100 641].\u003e but was:\u003c...d on the details you[\u0027ve entered, we\u0027re unable to give you an estimate of your borrowing power with this calculator. For questions, call us on 1800 035 500].\u003e\r\n\tat junit.framework.Assert.assertEquals(Assert.java:100)\r\n\tat junit.framework.Assert.assertEquals(Assert.java:107)\r\n\tat org.stepdef.StepDef.validates_the_message(StepDef.java:161)\r\n\tat ✽.Validates the message(src/test/resources/borrow.feature:17)\r\n",
              "duration": 94474800,
              "status": "failed"
            },
            "line": 17,
            "name": "Validates the message",
            "match": {
              "location": "StepDef.validates_the_message()"
            },
            "keyword": "Then "
          }
        ]
      }
    ],
    "name": "Find how much could I borrow from ANZ test site",
    "description": "",
    "id": "find-how-much-could-i-borrow-from-anz-test-site",
    "keyword": "Feature",
    "uri": "src/test/resources/borrow.feature",
    "tags": []
  }
]